,0
0,Augmented Dickey Fuller: unit root
1,mean reverting
2,Halflife: 11.0 10_minute
0,Augmented Dickey Fuller: NO unit root
1,mean reverting
2,Halflife: 4.0 10_minute
0,Augmented Dickey Fuller: NO unit root
1,mean reverting
2,Halflife: 4.0 10_minute
0,Augmented Dickey Fuller: unit root
1,mean reverting
2,Halflife: 18.0 10_minute
0,Augmented Dickey Fuller: NO unit root
1,mean reverting
2,Halflife: 9.0 10_minute
0,Augmented Dickey Fuller: unit root
1,mean reverting
2,Halflife: 8.0 10_minute
0,Augmented Dickey Fuller: NO unit root
1,mean reverting
2,Halflife: 5.0 10_minute
0,Augmented Dickey Fuller: unit root
1,mean reverting
2,Halflife: 7.0 10_minute
0,Augmented Dickey Fuller: unit root
1,mean reverting
2,Halflife: 8.0 10_minute
0,Augmented Dickey Fuller: NO unit root
1,mean reverting
2,Halflife: 4.0 10_minute
0,Augmented Dickey Fuller: unit root
1,mean reverting
2,Halflife: 6.0 10_minute
0,Augmented Dickey Fuller: unit root
1,mean reverting
2,Halflife: 4.0 10_minute
0,Augmented Dickey Fuller: unit root
1,mean reverting
2,Halflife: 12.0 10_minute
0,Augmented Dickey Fuller: unit root
1,mean reverting
2,Halflife: 11.0 10_minute
0,Augmented Dickey Fuller: unit root
1,mean reverting
2,Halflife: 13.0 10_minute
0,Augmented Dickey Fuller: unit root
1,mean reverting
2,Halflife: 5.0 10_minute
0,Augmented Dickey Fuller: unit root
1,mean reverting
2,Halflife: 3.0 10_minute
0,Augmented Dickey Fuller: unit root
1,mean reverting
2,Halflife: 5.0 10_minute
0,Augmented Dickey Fuller: unit root
1,mean reverting
2,Halflife: 7.0 10_minute
0,Augmented Dickey Fuller: unit root
1,mean reverting
2,Halflife: 7.0 10_minute
0,Augmented Dickey Fuller: unit root
1,mean reverting
2,Halflife: 4.0 10_minute
0,Augmented Dickey Fuller: unit root
1,mean reverting
2,Halflife: 8.0 10_minute
0,Augmented Dickey Fuller: NO unit root
1,mean reverting
2,Halflife: 5.0 10_minute
0,Augmented Dickey Fuller: unit root
1,mean reverting
2,Halflife: 6.0 10_minute
0,Augmented Dickey Fuller: NO unit root
1,mean reverting
2,Halflife: 5.0 10_minute
0,Augmented Dickey Fuller: unit root
1,mean reverting
2,Halflife: 9.0 10_minute
0,Augmented Dickey Fuller: NO unit root
1,mean reverting
2,Halflife: 2.0 10_minute
0,Augmented Dickey Fuller: NO unit root
1,mean reverting
2,Halflife: 4.0 10_minute
0,Augmented Dickey Fuller: NO unit root
1,mean reverting
2,Halflife: 3.0 10_minute
0,Augmented Dickey Fuller: unit root
1,mean reverting
2,Halflife: 7.0 10_minute
0,Augmented Dickey Fuller: NO unit root
1,mean reverting
2,Halflife: 4.0 10_minute
0,Augmented Dickey Fuller: unit root
1,mean reverting
2,Halflife: 4.0 10_minute
0,Augmented Dickey Fuller: unit root
1,mean reverting
2,Halflife: 3.0 10_minute
0,Augmented Dickey Fuller: unit root
1,mean reverting
2,Halflife: 6.0 10_minute
0,Augmented Dickey Fuller: unit root
1,mean reverting
2,Halflife: 5.0 10_minute
0,Augmented Dickey Fuller: NO unit root
1,mean reverting
2,Halflife: 4.0 10_minute
0,Augmented Dickey Fuller: unit root
1,mean reverting
2,Halflife: 6.0 10_minute
0,Augmented Dickey Fuller: unit root
1,mean reverting
2,Halflife: 6.0 10_minute
0,Augmented Dickey Fuller: unit root
1,mean reverting
2,Halflife: 6.0 10_minute
0,Augmented Dickey Fuller: NO unit root
1,mean reverting
2,Halflife: 5.0 10_minute
0,Augmented Dickey Fuller: unit root
1,mean reverting
2,Halflife: 12.0 10_minute
0,Augmented Dickey Fuller: unit root
1,mean reverting
2,Halflife: 5.0 10_minute
0,Augmented Dickey Fuller: unit root
1,mean reverting
2,Halflife: 8.0 10_minute
0,Augmented Dickey Fuller: unit root
1,mean reverting
2,Halflife: 16.0 10_minute
0,Augmented Dickey Fuller: NO unit root
1,mean reverting
2,Halflife: 7.0 10_minute
0,Augmented Dickey Fuller: unit root
1,mean reverting
2,Halflife: 8.0 10_minute
0,Augmented Dickey Fuller: unit root
1,mean reverting
2,Halflife: 6.0 10_minute
0,Augmented Dickey Fuller: unit root
1,mean reverting
2,Halflife: 9.0 10_minute
0,Augmented Dickey Fuller: NO unit root
1,mean reverting
2,Halflife: 4.0 10_minute
0,Augmented Dickey Fuller: unit root
1,mean reverting
2,Halflife: 7.0 10_minute
0,Augmented Dickey Fuller: unit root
1,mean reverting
2,Halflife: 7.0 10_minute
0,Augmented Dickey Fuller: NO unit root
1,mean reverting
2,Halflife: 3.0 10_minute
0,Augmented Dickey Fuller: NO unit root
1,mean reverting
2,Halflife: 2.0 10_minute
0,Augmented Dickey Fuller: unit root
1,mean reverting
2,Halflife: 7.0 10_minute
0,Augmented Dickey Fuller: NO unit root
1,mean reverting
2,Halflife: 5.0 10_minute
0,Augmented Dickey Fuller: unit root
1,mean reverting
2,Halflife: 7.0 10_minute
0,Augmented Dickey Fuller: unit root
1,mean reverting
2,Halflife: 4.0 10_minute
0,Augmented Dickey Fuller: NO unit root
1,mean reverting
2,Halflife: 4.0 10_minute
0,Augmented Dickey Fuller: unit root
1,mean reverting
2,Halflife: 6.0 10_minute
0,Augmented Dickey Fuller: unit root
1,mean reverting
2,Halflife: 10.0 10_minute
0,Augmented Dickey Fuller: NO unit root
1,mean reverting
2,Halflife: 4.0 10_minute
0,Augmented Dickey Fuller: unit root
1,mean reverting
2,Halflife: 5.0 10_minute
0,Augmented Dickey Fuller: NO unit root
1,mean reverting
2,Halflife: 4.0 10_minute
0,Augmented Dickey Fuller: unit root
1,mean reverting
2,Halflife: 8.0 10_minute
0,Augmented Dickey Fuller: unit root
1,mean reverting
2,Halflife: 5.0 10_minute
0,Augmented Dickey Fuller: unit root
1,mean reverting
2,Halflife: 6.0 10_minute
0,Augmented Dickey Fuller: unit root
1,mean reverting
2,Halflife: 5.0 10_minute
0,Augmented Dickey Fuller: NO unit root
1,mean reverting
2,Halflife: 6.0 10_minute
0,Augmented Dickey Fuller: unit root
1,mean reverting
2,Halflife: 7.0 10_minute
0,Augmented Dickey Fuller: unit root
1,mean reverting
2,Halflife: 6.0 10_minute
0,Augmented Dickey Fuller: NO unit root
1,mean reverting
2,Halflife: 2.0 10_minute
0,Augmented Dickey Fuller: NO unit root
1,mean reverting
2,Halflife: 2.0 10_minute
0,Augmented Dickey Fuller: unit root
1,mean reverting
2,Halflife: 6.0 10_minute
0,Augmented Dickey Fuller: unit root
1,mean reverting
2,Halflife: 5.0 10_minute
0,Augmented Dickey Fuller: NO unit root
1,mean reverting
2,Halflife: 5.0 10_minute
0,Augmented Dickey Fuller: unit root
1,mean reverting
2,Halflife: 12.0 10_minute
0,Augmented Dickey Fuller: NO unit root
1,mean reverting
2,Halflife: 1.0 10_minute
0,Augmented Dickey Fuller: unit root
1,mean reverting
2,Halflife: 8.0 10_minute
0,Augmented Dickey Fuller: NO unit root
1,mean reverting
2,Halflife: 3.0 10_minute
0,Augmented Dickey Fuller: unit root
1,mean reverting
2,Halflife: 5.0 10_minute
0,Augmented Dickey Fuller: unit root
1,mean reverting
2,Halflife: 6.0 10_minute
0,Augmented Dickey Fuller: NO unit root
1,mean reverting
2,Halflife: 5.0 10_minute
0,Augmented Dickey Fuller: unit root
1,mean reverting
2,Halflife: 6.0 10_minute
0,Augmented Dickey Fuller: NO unit root
1,mean reverting
2,Halflife: 3.0 10_minute
0,Augmented Dickey Fuller: unit root
1,mean reverting
2,Halflife: 7.0 10_minute
0,Augmented Dickey Fuller: unit root
1,mean reverting
2,Halflife: 38.0 10_minute
0,Augmented Dickey Fuller: unit root
1,mean reverting
2,Halflife: 6.0 10_minute
0,Augmented Dickey Fuller: unit root
1,mean reverting
2,Halflife: 8.0 10_minute
0,Augmented Dickey Fuller: unit root
1,mean reverting
2,Halflife: 8.0 10_minute
0,Augmented Dickey Fuller: unit root
1,mean reverting
2,Halflife: 6.0 10_minute
0,Augmented Dickey Fuller: NO unit root
1,mean reverting
2,Halflife: 8.0 10_minute
0,Augmented Dickey Fuller: unit root
1,mean reverting
2,Halflife: 6.0 10_minute
0,Augmented Dickey Fuller: unit root
1,mean reverting
2,Halflife: 8.0 10_minute
0,Augmented Dickey Fuller: unit root
1,mean reverting
2,Halflife: 7.0 10_minute
0,Augmented Dickey Fuller: unit root
1,mean reverting
2,Halflife: 3.0 10_minute
0,Augmented Dickey Fuller: unit root
1,mean reverting
2,Halflife: 5.0 10_minute
0,Augmented Dickey Fuller: unit root
1,mean reverting
2,Halflife: 5.0 10_minute
0,Augmented Dickey Fuller: unit root
1,mean reverting
2,Halflife: 4.0 10_minute
0,Augmented Dickey Fuller: NO unit root
1,mean reverting
2,Halflife: 5.0 10_minute
0,Augmented Dickey Fuller: NO unit root
1,mean reverting
2,Halflife: 3.0 10_minute
0,Augmented Dickey Fuller: unit root
1,mean reverting
2,Halflife: 5.0 10_minute
0,Augmented Dickey Fuller: unit root
1,mean reverting
2,Halflife: 6.0 10_minute
0,Augmented Dickey Fuller: NO unit root
1,mean reverting
2,Halflife: 4.0 10_minute
0,Augmented Dickey Fuller: NO unit root
1,mean reverting
2,Halflife: 3.0 10_minute
0,Augmented Dickey Fuller: NO unit root
1,mean reverting
2,Halflife: 5.0 10_minute
0,Augmented Dickey Fuller: unit root
1,mean reverting
2,Halflife: 9.0 10_minute
0,Augmented Dickey Fuller: unit root
1,mean reverting
2,Halflife: 7.0 10_minute
0,Augmented Dickey Fuller: unit root
1,mean reverting
2,Halflife: 8.0 10_minute
0,Augmented Dickey Fuller: NO unit root
1,mean reverting
2,Halflife: 12.0 10_minute
0,Augmented Dickey Fuller: NO unit root
1,mean reverting
2,Halflife: 3.0 10_minute
0,Augmented Dickey Fuller: NO unit root
1,mean reverting
2,Halflife: 6.0 10_minute
0,Augmented Dickey Fuller: unit root
1,mean reverting
2,Halflife: 6.0 10_minute
0,Augmented Dickey Fuller: NO unit root
1,mean reverting
2,Halflife: 8.0 10_minute
0,Augmented Dickey Fuller: unit root
1,mean reverting
2,Halflife: 8.0 10_minute
0,Augmented Dickey Fuller: unit root
1,mean reverting
2,Halflife: 6.0 10_minute
0,Augmented Dickey Fuller: NO unit root
1,mean reverting
2,Halflife: 3.0 10_minute
0,Augmented Dickey Fuller: NO unit root
1,mean reverting
2,Halflife: 4.0 10_minute
0,Augmented Dickey Fuller: NO unit root
1,mean reverting
2,Halflife: 7.0 10_minute
0,Augmented Dickey Fuller: NO unit root
1,mean reverting
2,Halflife: 2.0 10_minute
0,Augmented Dickey Fuller: unit root
1,mean reverting
2,Halflife: 3.0 10_minute
0,Augmented Dickey Fuller: unit root
1,mean reverting
2,Halflife: 9.0 10_minute
0,Augmented Dickey Fuller: unit root
1,mean reverting
2,Halflife: 7.0 10_minute
0,Augmented Dickey Fuller: unit root
1,mean reverting
2,Halflife: 8.0 10_minute
0,Augmented Dickey Fuller: unit root
1,mean reverting
2,Halflife: 8.0 10_minute
0,Augmented Dickey Fuller: unit root
1,mean reverting
2,Halflife: 14.0 10_minute
0,Augmented Dickey Fuller: unit root
1,mean reverting
2,Halflife: 5.0 10_minute
0,Augmented Dickey Fuller: unit root
1,mean reverting
2,Halflife: 6.0 10_minute
0,Augmented Dickey Fuller: unit root
1,mean reverting
2,Halflife: 14.0 10_minute
0,Augmented Dickey Fuller: unit root
1,mean reverting
2,Halflife: 8.0 10_minute
0,Augmented Dickey Fuller: unit root
1,mean reverting
2,Halflife: 11.0 10_minute
0,Augmented Dickey Fuller: NO unit root
1,mean reverting
2,Halflife: 4.0 10_minute
0,Augmented Dickey Fuller: unit root
1,mean reverting
2,Halflife: 12.0 10_minute
0,Augmented Dickey Fuller: unit root
1,mean reverting
2,Halflife: 7.0 10_minute
0,Augmented Dickey Fuller: NO unit root
1,mean reverting
2,Halflife: 12.0 10_minute
0,Augmented Dickey Fuller: NO unit root
1,mean reverting
2,Halflife: 8.0 10_minute
0,Augmented Dickey Fuller: NO unit root
1,mean reverting
2,Halflife: 3.0 10_minute
0,Augmented Dickey Fuller: unit root
1,mean reverting
2,Halflife: 10.0 10_minute
0,Augmented Dickey Fuller: NO unit root
1,mean reverting
2,Halflife: 5.0 10_minute
0,Augmented Dickey Fuller: NO unit root
1,mean reverting
2,Halflife: 3.0 10_minute
0,Augmented Dickey Fuller: NO unit root
1,mean reverting
2,Halflife: 5.0 10_minute
0,Augmented Dickey Fuller: NO unit root
1,mean reverting
2,Halflife: 5.0 10_minute
0,Augmented Dickey Fuller: unit root
1,mean reverting
2,Halflife: 7.0 10_minute
0,Augmented Dickey Fuller: unit root
1,mean reverting
2,Halflife: 7.0 10_minute
0,Augmented Dickey Fuller: unit root
1,mean reverting
2,Halflife: 8.0 10_minute
0,Augmented Dickey Fuller: unit root
1,mean reverting
2,Halflife: 4.0 10_minute
0,Augmented Dickey Fuller: unit root
1,mean reverting
2,Halflife: 9.0 10_minute
0,Augmented Dickey Fuller: NO unit root
1,mean reverting
2,Halflife: 5.0 10_minute
0,Augmented Dickey Fuller: NO unit root
1,mean reverting
2,Halflife: 4.0 10_minute
0,Augmented Dickey Fuller: unit root
1,mean reverting
2,Halflife: 7.0 10_minute
0,Augmented Dickey Fuller: NO unit root
1,mean reverting
2,Halflife: 5.0 10_minute
0,Augmented Dickey Fuller: unit root
1,mean reverting
2,Halflife: 10.0 10_minute
0,Augmented Dickey Fuller: NO unit root
1,mean reverting
2,Halflife: 6.0 10_minute
0,Augmented Dickey Fuller: unit root
1,mean reverting
2,Halflife: 6.0 10_minute
0,Augmented Dickey Fuller: unit root
1,mean reverting
2,Halflife: 8.0 10_minute
0,Augmented Dickey Fuller: NO unit root
1,mean reverting
2,Halflife: 2.0 10_minute
0,Augmented Dickey Fuller: unit root
1,mean reverting
2,Halflife: 5.0 10_minute
0,Augmented Dickey Fuller: NO unit root
1,mean reverting
2,Halflife: 4.0 10_minute
0,Augmented Dickey Fuller: unit root
1,mean reverting
2,Halflife: 7.0 10_minute
0,Augmented Dickey Fuller: NO unit root
1,mean reverting
2,Halflife: 2.0 10_minute
0,Augmented Dickey Fuller: unit root
1,mean reverting
2,Halflife: 5.0 10_minute
0,Augmented Dickey Fuller: unit root
1,mean reverting
2,Halflife: 7.0 10_minute
0,Augmented Dickey Fuller: unit root
1,mean reverting
2,Halflife: 5.0 10_minute
0,Augmented Dickey Fuller: NO unit root
1,mean reverting
2,Halflife: 5.0 10_minute
0,Augmented Dickey Fuller: unit root
1,mean reverting
2,Halflife: 7.0 10_minute
0,Augmented Dickey Fuller: unit root
1,mean reverting
2,Halflife: 7.0 10_minute
0,Augmented Dickey Fuller: NO unit root
1,mean reverting
2,Halflife: 5.0 10_minute
0,Augmented Dickey Fuller: NO unit root
1,mean reverting
2,Halflife: 2.0 10_minute
0,Augmented Dickey Fuller: NO unit root
1,mean reverting
2,Halflife: 5.0 10_minute
0,Augmented Dickey Fuller: unit root
1,mean reverting
2,Halflife: 5.0 10_minute
0,Augmented Dickey Fuller: NO unit root
1,mean reverting
2,Halflife: 5.0 10_minute
0,Augmented Dickey Fuller: unit root
1,mean reverting
2,Halflife: 2.0 10_minute
0,Augmented Dickey Fuller: unit root
1,mean reverting
2,Halflife: 8.0 10_minute
0,Augmented Dickey Fuller: unit root
1,mean reverting
2,Halflife: 8.0 10_minute
0,Augmented Dickey Fuller: NO unit root
1,mean reverting
2,Halflife: 4.0 10_minute
0,Augmented Dickey Fuller: unit root
1,mean reverting
2,Halflife: 5.0 10_minute
0,Augmented Dickey Fuller: unit root
1,mean reverting
2,Halflife: 10.0 10_minute
0,Augmented Dickey Fuller: NO unit root
1,mean reverting
2,Halflife: 4.0 10_minute
0,Augmented Dickey Fuller: unit root
1,mean reverting
2,Halflife: 5.0 10_minute
0,Augmented Dickey Fuller: unit root
1,mean reverting
2,Halflife: 4.0 10_minute
0,Augmented Dickey Fuller: unit root
1,mean reverting
2,Halflife: 6.0 10_minute
0,Augmented Dickey Fuller: unit root
1,mean reverting
2,Halflife: 6.0 10_minute
0,Augmented Dickey Fuller: unit root
1,mean reverting
2,Halflife: 3.0 10_minute
0,Augmented Dickey Fuller: NO unit root
1,mean reverting
2,Halflife: 4.0 10_minute
0,Augmented Dickey Fuller: unit root
1,mean reverting
2,Halflife: 6.0 10_minute
0,Augmented Dickey Fuller: NO unit root
1,mean reverting
2,Halflife: 4.0 10_minute
0,Augmented Dickey Fuller: unit root
1,mean reverting
2,Halflife: 9.0 10_minute
0,Augmented Dickey Fuller: unit root
1,mean reverting
2,Halflife: 5.0 10_minute
0,Augmented Dickey Fuller: NO unit root
1,mean reverting
2,Halflife: 3.0 10_minute
0,Augmented Dickey Fuller: unit root
1,mean reverting
2,Halflife: 6.0 10_minute
0,Augmented Dickey Fuller: unit root
1,mean reverting
2,Halflife: 5.0 10_minute
0,Augmented Dickey Fuller: unit root
1,mean reverting
2,Halflife: 9.0 10_minute
0,Augmented Dickey Fuller: unit root
1,mean reverting
2,Halflife: 5.0 10_minute
0,Augmented Dickey Fuller: unit root
1,mean reverting
2,Halflife: 6.0 10_minute
0,Augmented Dickey Fuller: NO unit root
1,mean reverting
2,Halflife: 4.0 10_minute
0,Augmented Dickey Fuller: NO unit root
1,mean reverting
2,Halflife: 21.0 10_minute
0,Augmented Dickey Fuller: NO unit root
1,mean reverting
2,Halflife: 4.0 10_minute
0,Augmented Dickey Fuller: NO unit root
1,mean reverting
2,Halflife: 3.0 10_minute
0,Augmented Dickey Fuller: unit root
1,mean reverting
2,Halflife: 10.0 10_minute
0,Augmented Dickey Fuller: NO unit root
1,mean reverting
2,Halflife: 7.0 10_minute
0,Augmented Dickey Fuller: unit root
1,mean reverting
2,Halflife: 3.0 10_minute
0,Augmented Dickey Fuller: NO unit root
1,mean reverting
2,Halflife: 4.0 10_minute
0,Augmented Dickey Fuller: NO unit root
1,mean reverting
2,Halflife: 2.0 10_minute
0,Augmented Dickey Fuller: unit root
1,mean reverting
2,Halflife: 7.0 10_minute
0,Augmented Dickey Fuller: unit root
1,mean reverting
2,Halflife: 1.0 10_minute
0,Augmented Dickey Fuller: NO unit root
1,mean reverting
2,Halflife: 3.0 10_minute
0,Augmented Dickey Fuller: unit root
1,mean reverting
2,Halflife: 13.0 10_minute
0,Augmented Dickey Fuller: NO unit root
1,mean reverting
2,Halflife: 2.0 10_minute
0,Augmented Dickey Fuller: unit root
1,mean reverting
2,Halflife: 8.0 10_minute
0,Augmented Dickey Fuller: NO unit root
1,mean reverting
2,Halflife: 3.0 10_minute
0,Augmented Dickey Fuller: unit root
1,mean reverting
2,Halflife: 5.0 10_minute
0,Augmented Dickey Fuller: unit root
1,mean reverting
2,Halflife: 6.0 10_minute
0,Augmented Dickey Fuller: NO unit root
1,mean reverting
2,Halflife: 3.0 10_minute
0,Augmented Dickey Fuller: NO unit root
1,mean reverting
2,Halflife: 6.0 10_minute
0,Augmented Dickey Fuller: unit root
1,mean reverting
2,Halflife: 5.0 10_minute
0,Augmented Dickey Fuller: unit root
1,mean reverting
2,Halflife: 3.0 10_minute
0,Augmented Dickey Fuller: unit root
1,mean reverting
2,Halflife: 8.0 10_minute
0,Augmented Dickey Fuller: unit root
1,mean reverting
2,Halflife: 5.0 10_minute
0,Augmented Dickey Fuller: unit root
1,mean reverting
2,Halflife: 8.0 10_minute
0,Augmented Dickey Fuller: unit root
1,mean reverting
2,Halflife: 6.0 10_minute
0,Augmented Dickey Fuller: unit root
1,mean reverting
2,Halflife: 13.0 10_minute
0,Augmented Dickey Fuller: NO unit root
1,mean reverting
2,Halflife: 4.0 10_minute
0,Augmented Dickey Fuller: unit root
1,mean reverting
2,Halflife: 5.0 10_minute
0,Augmented Dickey Fuller: NO unit root
1,mean reverting
2,Halflife: 1.0 10_minute
0,Augmented Dickey Fuller: unit root
1,mean reverting
2,Halflife: 9.0 10_minute
0,Augmented Dickey Fuller: NO unit root
1,mean reverting
2,Halflife: 6.0 10_minute
0,Augmented Dickey Fuller: NO unit root
1,mean reverting
2,Halflife: 10.0 10_minute
0,Augmented Dickey Fuller: NO unit root
1,mean reverting
2,Halflife: 7.0 10_minute
0,Augmented Dickey Fuller: NO unit root
1,mean reverting
2,Halflife: 5.0 10_minute
0,Augmented Dickey Fuller: unit root
1,mean reverting
2,Halflife: 3.0 10_minute
0,Augmented Dickey Fuller: unit root
1,mean reverting
2,Halflife: 12.0 10_minute
0,Augmented Dickey Fuller: unit root
1,mean reverting
2,Halflife: 10.0 10_minute
0,Augmented Dickey Fuller: unit root
1,mean reverting
2,Halflife: 6.0 10_minute
0,Augmented Dickey Fuller: NO unit root
1,mean reverting
2,Halflife: 4.0 10_minute
0,Augmented Dickey Fuller: NO unit root
1,mean reverting
2,Halflife: 1.0 10_minute
0,Augmented Dickey Fuller: unit root
1,mean reverting
2,Halflife: 6.0 10_minute
0,Augmented Dickey Fuller: unit root
1,mean reverting
2,Halflife: 7.0 10_minute
0,Augmented Dickey Fuller: NO unit root
1,mean reverting
2,Halflife: 8.0 10_minute
0,Augmented Dickey Fuller: NO unit root
1,mean reverting
2,Halflife: 4.0 10_minute
0,Augmented Dickey Fuller: unit root
1,mean reverting
2,Halflife: 7.0 10_minute
0,Augmented Dickey Fuller: unit root
1,mean reverting
2,Halflife: 5.0 10_minute
0,Augmented Dickey Fuller: NO unit root
1,mean reverting
2,Halflife: 7.0 10_minute
0,Augmented Dickey Fuller: unit root
1,mean reverting
2,Halflife: 3.0 10_minute
0,Augmented Dickey Fuller: NO unit root
1,mean reverting
2,Halflife: 6.0 10_minute
0,Augmented Dickey Fuller: unit root
1,mean reverting
2,Halflife: 7.0 10_minute
0,Augmented Dickey Fuller: unit root
1,mean reverting
2,Halflife: 12.0 10_minute
0,Augmented Dickey Fuller: unit root
1,mean reverting
2,Halflife: 7.0 10_minute
0,Augmented Dickey Fuller: NO unit root
1,mean reverting
2,Halflife: 4.0 10_minute
0,Augmented Dickey Fuller: unit root
1,mean reverting
2,Halflife: 5.0 10_minute
0,Augmented Dickey Fuller: unit root
1,mean reverting
2,Halflife: 12.0 10_minute
0,Augmented Dickey Fuller: unit root
1,mean reverting
2,Halflife: 6.0 10_minute
0,Augmented Dickey Fuller: NO unit root
1,mean reverting
2,Halflife: 4.0 10_minute
0,Augmented Dickey Fuller: unit root
1,mean reverting
2,Halflife: 7.0 10_minute
0,Augmented Dickey Fuller: unit root
1,mean reverting
2,Halflife: 3.0 10_minute
0,Augmented Dickey Fuller: unit root
1,mean reverting
2,Halflife: 7.0 10_minute
0,Augmented Dickey Fuller: NO unit root
1,mean reverting
2,Halflife: 5.0 10_minute
0,Augmented Dickey Fuller: unit root
1,mean reverting
2,Halflife: 4.0 10_minute
0,Augmented Dickey Fuller: unit root
1,mean reverting
2,Halflife: 8.0 10_minute
0,Augmented Dickey Fuller: NO unit root
1,mean reverting
2,Halflife: 2.0 10_minute
0,Augmented Dickey Fuller: unit root
1,mean reverting
2,Halflife: 8.0 10_minute
0,Augmented Dickey Fuller: unit root
1,mean reverting
2,Halflife: 7.0 10_minute
0,Augmented Dickey Fuller: NO unit root
1,mean reverting
2,Halflife: 2.0 10_minute
0,Augmented Dickey Fuller: unit root
1,mean reverting
2,Halflife: 3.0 10_minute
0,Augmented Dickey Fuller: unit root
1,mean reverting
2,Halflife: 6.0 10_minute
0,Augmented Dickey Fuller: unit root
1,mean reverting
2,Halflife: 8.0 10_minute
0,Augmented Dickey Fuller: unit root
1,mean reverting
2,Halflife: 7.0 10_minute
0,Augmented Dickey Fuller: unit root
1,mean reverting
2,Halflife: 4.0 10_minute
0,Augmented Dickey Fuller: unit root
1,mean reverting
2,Halflife: 13.0 10_minute
0,Augmented Dickey Fuller: NO unit root
1,mean reverting
2,Halflife: 3.0 10_minute
0,Augmented Dickey Fuller: unit root
1,mean reverting
2,Halflife: 8.0 10_minute
0,Augmented Dickey Fuller: unit root
1,mean reverting
2,Halflife: 6.0 10_minute
0,Augmented Dickey Fuller: NO unit root
1,mean reverting
2,Halflife: 4.0 10_minute
0,Augmented Dickey Fuller: unit root
1,mean reverting
2,Halflife: 6.0 10_minute
0,Augmented Dickey Fuller: NO unit root
1,mean reverting
2,Halflife: 2.0 10_minute
0,Augmented Dickey Fuller: unit root
1,mean reverting
2,Halflife: 3.0 10_minute
0,Augmented Dickey Fuller: NO unit root
1,mean reverting
2,Halflife: 4.0 10_minute
0,Augmented Dickey Fuller: unit root
1,mean reverting
2,Halflife: 9.0 10_minute
0,Augmented Dickey Fuller: unit root
1,mean reverting
2,Halflife: 6.0 10_minute
0,Augmented Dickey Fuller: NO unit root
1,mean reverting
2,Halflife: 4.0 10_minute
0,Augmented Dickey Fuller: unit root
1,mean reverting
2,Halflife: 6.0 10_minute
0,Augmented Dickey Fuller: NO unit root
1,mean reverting
2,Halflife: 4.0 10_minute
0,Augmented Dickey Fuller: unit root
1,mean reverting
2,Halflife: 7.0 10_minute
0,Augmented Dickey Fuller: NO unit root
1,mean reverting
2,Halflife: 1.0 10_minute
0,Augmented Dickey Fuller: NO unit root
1,mean reverting
2,Halflife: 4.0 10_minute
0,Augmented Dickey Fuller: NO unit root
1,mean reverting
2,Halflife: 3.0 10_minute
0,Augmented Dickey Fuller: unit root
1,mean reverting
2,Halflife: 13.0 10_minute
0,Augmented Dickey Fuller: NO unit root
1,mean reverting
2,Halflife: 5.0 10_minute
0,Augmented Dickey Fuller: NO unit root
1,mean reverting
2,Halflife: 4.0 10_minute
0,Augmented Dickey Fuller: NO unit root
1,mean reverting
2,Halflife: 15.0 10_minute
0,Augmented Dickey Fuller: unit root
1,mean reverting
2,Halflife: 6.0 10_minute
0,Augmented Dickey Fuller: unit root
1,mean reverting
2,Halflife: 6.0 10_minute
0,Augmented Dickey Fuller: NO unit root
1,mean reverting
2,Halflife: 2.0 10_minute
0,Augmented Dickey Fuller: unit root
1,mean reverting
2,Halflife: 9.0 10_minute
0,Augmented Dickey Fuller: unit root
1,mean reverting
2,Halflife: 6.0 10_minute
0,Augmented Dickey Fuller: NO unit root
1,mean reverting
2,Halflife: 3.0 10_minute
0,Augmented Dickey Fuller: unit root
1,mean reverting
2,Halflife: 6.0 10_minute
0,Augmented Dickey Fuller: NO unit root
1,mean reverting
2,Halflife: 7.0 10_minute
0,Augmented Dickey Fuller: NO unit root
1,mean reverting
2,Halflife: 4.0 10_minute
0,Augmented Dickey Fuller: unit root
1,mean reverting
2,Halflife: 8.0 10_minute
0,Augmented Dickey Fuller: unit root
1,mean reverting
2,Halflife: 7.0 10_minute
0,Augmented Dickey Fuller: unit root
1,mean reverting
2,Halflife: 17.0 10_minute
0,Augmented Dickey Fuller: unit root
1,mean reverting
2,Halflife: 6.0 10_minute
0,Augmented Dickey Fuller: NO unit root
1,mean reverting
2,Halflife: 6.0 10_minute
0,Augmented Dickey Fuller: NO unit root
1,mean reverting
2,Halflife: 3.0 10_minute
0,Augmented Dickey Fuller: unit root
1,mean reverting
2,Halflife: 8.0 10_minute
0,Augmented Dickey Fuller: unit root
1,mean reverting
2,Halflife: 8.0 10_minute
0,Augmented Dickey Fuller: NO unit root
1,mean reverting
2,Halflife: 2.0 10_minute
0,Augmented Dickey Fuller: unit root
1,mean reverting
2,Halflife: 3.0 10_minute
0,Augmented Dickey Fuller: unit root
1,mean reverting
2,Halflife: 5.0 10_minute
0,Augmented Dickey Fuller: unit root
1,mean reverting
2,Halflife: 7.0 10_minute
0,Augmented Dickey Fuller: unit root
1,mean reverting
2,Halflife: 4.0 10_minute
0,Augmented Dickey Fuller: unit root
1,mean reverting
2,Halflife: 7.0 10_minute
0,Augmented Dickey Fuller: unit root
1,mean reverting
2,Halflife: 6.0 10_minute
0,Augmented Dickey Fuller: unit root
1,mean reverting
2,Halflife: 10.0 10_minute
0,Augmented Dickey Fuller: NO unit root
1,mean reverting
2,Halflife: 4.0 10_minute
0,Augmented Dickey Fuller: unit root
1,mean reverting
2,Halflife: 6.0 10_minute
0,Augmented Dickey Fuller: unit root
1,mean reverting
2,Halflife: 9.0 10_minute
0,Augmented Dickey Fuller: unit root
1,mean reverting
2,Halflife: 11.0 10_minute
0,Augmented Dickey Fuller: NO unit root
1,mean reverting
2,Halflife: 4.0 10_minute
0,Augmented Dickey Fuller: unit root
1,mean reverting
2,Halflife: 6.0 10_minute
0,Augmented Dickey Fuller: NO unit root
1,mean reverting
2,Halflife: 4.0 10_minute
0,Augmented Dickey Fuller: unit root
1,mean reverting
2,Halflife: 6.0 10_minute
0,Augmented Dickey Fuller: NO unit root
1,mean reverting
2,Halflife: 4.0 10_minute
0,Augmented Dickey Fuller: NO unit root
1,mean reverting
2,Halflife: 3.0 10_minute
0,Augmented Dickey Fuller: NO unit root
1,mean reverting
2,Halflife: 5.0 10_minute
0,Augmented Dickey Fuller: unit root
1,mean reverting
2,Halflife: 9.0 10_minute
0,Augmented Dickey Fuller: unit root
1,mean reverting
2,Halflife: 4.0 10_minute
0,Augmented Dickey Fuller: unit root
1,mean reverting
2,Halflife: 6.0 10_minute
0,Augmented Dickey Fuller: unit root
1,mean reverting
2,Halflife: 6.0 10_minute
0,Augmented Dickey Fuller: unit root
1,mean reverting
2,Halflife: 25.0 10_minute
0,Augmented Dickey Fuller: NO unit root
1,mean reverting
2,Halflife: 2.0 10_minute
0,Augmented Dickey Fuller: unit root
1,mean reverting
2,Halflife: 7.0 10_minute
0,Augmented Dickey Fuller: unit root
1,mean reverting
2,Halflife: 5.0 10_minute
0,Augmented Dickey Fuller: unit root
1,mean reverting
2,Halflife: 8.0 10_minute
0,Augmented Dickey Fuller: unit root
1,mean reverting
2,Halflife: 8.0 10_minute
0,Augmented Dickey Fuller: unit root
1,mean reverting
2,Halflife: 6.0 10_minute
0,Augmented Dickey Fuller: unit root
1,mean reverting
2,Halflife: 5.0 10_minute
0,Augmented Dickey Fuller: unit root
1,mean reverting
2,Halflife: 3.0 10_minute
0,Augmented Dickey Fuller: unit root
1,mean reverting
2,Halflife: 10.0 10_minute
0,Augmented Dickey Fuller: unit root
1,mean reverting
2,Halflife: 5.0 10_minute
0,Augmented Dickey Fuller: NO unit root
1,mean reverting
2,Halflife: 10.0 10_minute
0,Augmented Dickey Fuller: NO unit root
1,mean reverting
2,Halflife: 4.0 10_minute
0,Augmented Dickey Fuller: unit root
1,mean reverting
2,Halflife: 5.0 10_minute
0,Augmented Dickey Fuller: unit root
1,mean reverting
2,Halflife: 2.0 10_minute
0,Augmented Dickey Fuller: NO unit root
1,mean reverting
2,Halflife: 6.0 10_minute
0,Augmented Dickey Fuller: NO unit root
1,mean reverting
2,Halflife: 3.0 10_minute
0,Augmented Dickey Fuller: unit root
1,mean reverting
2,Halflife: 6.0 10_minute
0,Augmented Dickey Fuller: unit root
1,mean reverting
2,Halflife: 6.0 10_minute
0,Augmented Dickey Fuller: unit root
1,mean reverting
2,Halflife: 4.0 10_minute
0,Augmented Dickey Fuller: unit root
1,mean reverting
2,Halflife: 6.0 10_minute
0,Augmented Dickey Fuller: unit root
1,mean reverting
2,Halflife: 7.0 10_minute
0,Augmented Dickey Fuller: unit root
1,mean reverting
2,Halflife: 5.0 10_minute
0,Augmented Dickey Fuller: unit root
1,mean reverting
2,Halflife: 6.0 10_minute
0,Augmented Dickey Fuller: NO unit root
1,mean reverting
2,Halflife: 4.0 10_minute
0,Augmented Dickey Fuller: NO unit root
1,mean reverting
2,Halflife: 8.0 10_minute
0,Augmented Dickey Fuller: unit root
1,mean reverting
2,Halflife: 8.0 10_minute
0,Augmented Dickey Fuller: unit root
1,mean reverting
2,Halflife: 9.0 10_minute
0,Augmented Dickey Fuller: unit root
1,mean reverting
2,Halflife: 5.0 10_minute
0,Augmented Dickey Fuller: NO unit root
1,mean reverting
2,Halflife: 4.0 10_minute
0,Augmented Dickey Fuller: unit root
1,mean reverting
2,Halflife: 6.0 10_minute
0,Augmented Dickey Fuller: unit root
1,mean reverting
2,Halflife: 8.0 10_minute
0,Augmented Dickey Fuller: NO unit root
1,mean reverting
2,Halflife: 8.0 10_minute
0,Augmented Dickey Fuller: unit root
1,mean reverting
2,Halflife: 7.0 10_minute
0,Augmented Dickey Fuller: unit root
1,mean reverting
2,Halflife: 8.0 10_minute
0,Augmented Dickey Fuller: unit root
1,mean reverting
2,Halflife: 5.0 10_minute
0,Augmented Dickey Fuller: unit root
1,mean reverting
2,Halflife: 4.0 10_minute
0,Augmented Dickey Fuller: unit root
1,mean reverting
2,Halflife: 7.0 10_minute
0,Augmented Dickey Fuller: unit root
1,mean reverting
2,Halflife: 5.0 10_minute
0,Augmented Dickey Fuller: NO unit root
1,mean reverting
2,Halflife: 3.0 10_minute
0,Augmented Dickey Fuller: NO unit root
1,mean reverting
2,Halflife: 3.0 10_minute
0,Augmented Dickey Fuller: NO unit root
1,mean reverting
2,Halflife: 4.0 10_minute
0,Augmented Dickey Fuller: NO unit root
1,mean reverting
2,Halflife: 22.0 10_minute
0,Augmented Dickey Fuller: NO unit root
1,mean reverting
2,Halflife: 7.0 10_minute
0,Augmented Dickey Fuller: NO unit root
1,mean reverting
2,Halflife: 3.0 10_minute
0,Augmented Dickey Fuller: unit root
1,mean reverting
2,Halflife: 6.0 10_minute
0,Augmented Dickey Fuller: NO unit root
1,mean reverting
2,Halflife: 5.0 10_minute
